run_id,stage,role,profile,model_name,quantization,dtype,checkpoint_signature,eval_signature,template_sha256,timing_signature,gpu,n,correct,accuracy,failures,latency_p50_ms,latency_p95_ms,peak_allocated_gb,peak_reserved_gb,memory_measurement,adapter_sha256,label,baseline_delta_pp,quantization_delta_pp,comparison_note
20260917T062929395216Z-smoke-none,after,local,smoke,Qwen/Qwen3-VL-4B-Instruct,none,bf16,ed2532b84ce6aeec4637390abc9e7d52baa1801f1c227a7d766db53d3e6cd07d,cc39c914b7b5586483cce0b096fd87b830bc6033ceaac3a9c983cc9a08484796,03f40b433e3c55503d6ce2ec4678e01dcd2c67fb958d9df0b4deb636a8da20a1,b5e8ceddca5de46279693c8edca20440f53c86dc9fc78ee08db314c121d627b6,NVIDIA GeForce RTX 5060 Ti,16,15,0.9375,0,568.1474499942851,644.1775749917724,8.870293617248535,9.05859375,"PyTorch allocator, evaluation phase only; not total GPU VRAM",ad0be52712b1173d4c565a2909fa5a33865937705e3c0db633bb0fe2d8bf1d70,20260917T062929395216Z-smoke-none/after,,,
20260917T062929395216Z-smoke-none,before,local,smoke,Qwen/Qwen3-VL-4B-Instruct,none,bf16,85c08e30155a676aeb8e586041f9909f3fd4456a62a333947f11ac09ddbc4db3,cc39c914b7b5586483cce0b096fd87b830bc6033ceaac3a9c983cc9a08484796,03f40b433e3c55503d6ce2ec4678e01dcd2c67fb958d9df0b4deb636a8da20a1,b5e8ceddca5de46279693c8edca20440f53c86dc9fc78ee08db314c121d627b6,NVIDIA GeForce RTX 5060 Ti,16,15,0.9375,0,518.4083999993163,586.7052749999857,8.793721675872803,8.982421875,"PyTorch allocator, evaluation phase only; not total GPU VRAM",,20260917T062929395216Z-smoke-none/before,,,
20260918T003616312368Z-smoke-nf4,after,local,smoke,Qwen/Qwen3-VL-8B-Instruct,nf4,bf16,f8d100af6960a8d64676d7a76051a8241e4b5cad6a26d6bc51301ed967e4ad01,a22a37fb1fb41689fdbabf073f5e7cff9289df917fb87de630dd19554b88467b,03f40b433e3c55503d6ce2ec4678e01dcd2c67fb958d9df0b4deb636a8da20a1,b5e8ceddca5de46279693c8edca20440f53c86dc9fc78ee08db314c121d627b6,NVIDIA GeForce RTX 5060 Ti,16,14,0.875,0,645.2147499999228,669.251925000026,8.732013702392578,11.611328125,"PyTorch allocator, evaluation phase only; not total GPU VRAM",60ac2ff8771f0186f5042ca9be83a632fd575e9e3ba9bb67c5d1990d6283e705,20260918T003616312368Z-smoke-nf4/after,,,동일 체크포인트 비양자화 기준 없음 또는 여러 개: 양자화 차이 미측정
20260918T003616312368Z-smoke-nf4,before,local,smoke,Qwen/Qwen3-VL-8B-Instruct,nf4,bf16,2b9d2d4fb86dbc94d25aa52fdc51307dc39f570607485b5a433619bc1bf30731,a22a37fb1fb41689fdbabf073f5e7cff9289df917fb87de630dd19554b88467b,03f40b433e3c55503d6ce2ec4678e01dcd2c67fb958d9df0b4deb636a8da20a1,b5e8ceddca5de46279693c8edca20440f53c86dc9fc78ee08db314c121d627b6,NVIDIA GeForce RTX 5060 Ti,16,14,0.875,0,653.385950000029,695.2179749996503,6.231860160827637,7.017578125,"PyTorch allocator, evaluation phase only; not total GPU VRAM",,20260918T003616312368Z-smoke-nf4/before,,,동일 체크포인트 비양자화 기준 없음 또는 여러 개: 양자화 차이 미측정
20260918T004620310236Z-smoke-int8,after,local,smoke,Qwen/Qwen3-VL-8B-Instruct,int8,bf16,009921c0ec3a72b7c48986af93c90226c361912407bb1ce9ef4c5086b798880d,a22a37fb1fb41689fdbabf073f5e7cff9289df917fb87de630dd19554b88467b,03f40b433e3c55503d6ce2ec4678e01dcd2c67fb958d9df0b4deb636a8da20a1,b5e8ceddca5de46279693c8edca20440f53c86dc9fc78ee08db314c121d627b6,NVIDIA GeForce RTX 5060 Ti,16,13,0.8125,0,841.7372000003525,878.4933000001729,12.331369400024414,13.0,"PyTorch allocator, evaluation phase only; not total GPU VRAM",1e534d165671e8b2e42aaca6cdbc0c8f4cfa448f29c623c393058254bf69a4ed,20260918T004620310236Z-smoke-int8/after,,,동일 체크포인트 비양자화 기준 없음 또는 여러 개: 양자화 차이 미측정
20260918T004620310236Z-smoke-int8,before,local,smoke,Qwen/Qwen3-VL-8B-Instruct,int8,bf16,2b9d2d4fb86dbc94d25aa52fdc51307dc39f570607485b5a433619bc1bf30731,a22a37fb1fb41689fdbabf073f5e7cff9289df917fb87de630dd19554b88467b,03f40b433e3c55503d6ce2ec4678e01dcd2c67fb958d9df0b4deb636a8da20a1,b5e8ceddca5de46279693c8edca20440f53c86dc9fc78ee08db314c121d627b6,NVIDIA GeForce RTX 5060 Ti,16,14,0.875,0,746.1602999997012,758.4957750004833,9.850248336791992,10.94921875,"PyTorch allocator, evaluation phase only; not total GPU VRAM",,20260918T004620310236Z-smoke-int8/before,,,동일 체크포인트 비양자화 기준 없음 또는 여러 개: 양자화 차이 미측정
20260920T232342620467Z-full-none,evaluate,local,full,Qwen/Qwen3-VL-4B-Instruct,none,bf16,85c08e30155a676aeb8e586041f9909f3fd4456a62a333947f11ac09ddbc4db3,4ca1ecb63f7d5a9a8fcadc31f13306870e58203ac09be88bf634d437db9c6c54,03f40b433e3c55503d6ce2ec4678e01dcd2c67fb958d9df0b4deb636a8da20a1,b5e8ceddca5de46279693c8edca20440f53c86dc9fc78ee08db314c121d627b6,NVIDIA GeForce RTX 5060 Ti,1343,1246,0.9277736411020104,0,493.6195000000225,591.1707400000182,8.862396717071533,9.220703125,"PyTorch allocator, evaluation phase only; not total GPU VRAM",,20260920T232342620467Z-full-none/evaluate,,,
20260921T001126826670Z-full-none,after,local,full,Qwen/Qwen3-VL-4B-Instruct,none,bf16,5638926a10d2eec608fc6be08f0c689649c62a4d31f1ba47a8df40dc3eba892e,4ca1ecb63f7d5a9a8fcadc31f13306870e58203ac09be88bf634d437db9c6c54,03f40b433e3c55503d6ce2ec4678e01dcd2c67fb958d9df0b4deb636a8da20a1,b5e8ceddca5de46279693c8edca20440f53c86dc9fc78ee08db314c121d627b6,NVIDIA GeForce RTX 5060 Ti,1343,1284,0.9560685033507074,0,554.6131000010064,654.6949300005507,8.92949390411377,9.296875,"PyTorch allocator, evaluation phase only; not total GPU VRAM",66308a94a7273c6a2dac1c66c4d50356bc560e6b30fb568e5a6ab3c43a16e904,20260921T001126826670Z-full-none/after,,,
20260921T001126826670Z-full-none,before,local,full,Qwen/Qwen3-VL-4B-Instruct,none,bf16,85c08e30155a676aeb8e586041f9909f3fd4456a62a333947f11ac09ddbc4db3,4ca1ecb63f7d5a9a8fcadc31f13306870e58203ac09be88bf634d437db9c6c54,03f40b433e3c55503d6ce2ec4678e01dcd2c67fb958d9df0b4deb636a8da20a1,b5e8ceddca5de46279693c8edca20440f53c86dc9fc78ee08db314c121d627b6,NVIDIA GeForce RTX 5060 Ti,1343,1246,0.9277736411020104,0,522.9491999998572,631.7351799998505,8.862396717071533,9.220703125,"PyTorch allocator, evaluation phase only; not total GPU VRAM",,20260921T001126826670Z-full-none/before,,,
