담당,폴더,표기 모델,public 점수(사용자 제공),실제 노트북 모델 ID,실행 노트북,제출 CSV,검증 메모
창엽,Qwen3.8-27B_OCR-DINO,Qwen/Qwen3.8-27B+OCR/DINO,0.95918,btbtyler09/Qwen3.8-27B-GPTQ-4bit,(260908)_baseline_colab_hybrid_qwen38_v2 (1)(1).ipynb,submission_qwen38_27b_og(1).csv,기존 hybrid 노트북은 여러 실험 섹션이 함께 있습니다. 0.95918 제출에 대응하는 체크포인트와 선택한 셀/shift는 원본 실행 기록을 대조해야 합니다.
창엽,Qwen3.8-27B_Only,Qwen/Qwen3.8-27B_Only,0.95621,btbtyler09/Qwen3.8-27B-GPTQ-4bit,Qwen38_27B_clean7169_AgnesStyle_A100.ipynb,submission_qwen38_27b_clean7169(1).csv,clean7169 재학습 노트북이 같은 이름의 제출 파일을 생성합니다. 사용자 제공 점수 0.95621과 이 실행본의 직접 대응은 별도 점수 기록으로 확인 필요합니다.
창엽,Qwen3.5-122B-A10B-GPTQ-Int4,Qwen3.5-122B-A10B-GPTQ-Int4,0.96097,Qwen/Qwen3.5-122B-A10B-GPTQ-Int4,qwen3.5-122b-a10b-gptq-int4_verification(2).ipynb,122b_submission.csv,노트북의 STEP 0이 별도 wheel index와 PyTorch를 설치합니다. 일반 pip install만으로 같은 vLLM 빌드가 되지 않습니다.
창엽,Agnes-3.0-Flash,Agnes-Al/Agnes-3.0-Flash,0.96157,Agnes-AI/Agnes-3.0-Flash,Agnes-3.0-Flash_clean7169_full_v3(2).ipynb,submission_agnes3_highres1024_tta4 (1).csv,사용자 표기의 Agnes-Al과 실제 노트북의 Agnes-AI 저장소 표기가 다릅니다. 실제 실행 모델 ID는 노트북 기준으로 기록했습니다.
창엽,GLM-4.6V_AWQ-4bit,GLM-4.6V AWQ 4bit,0.78194,cyankiwi/GLM-4.6V-AWQ-4bit,GLM-4.6V-AWQ-4bit_zero_shot_VQA_A100_G4(1).ipynb,glm46v_awq4_submission.csv,정리된 zero-shot 노트북과 제출 CSV가 연결됩니다. 별도 clean7169 LoRA 실험본과 0.78194 점수를 혼동하지 않도록 분리합니다.
창엽,Ling-3.0-flash,Ling-3.0-flash,0.94638,inclusionAI/Ling-3.0-flash-VL-int4,Ling-3.0-flash-VL-int4_zero_shot_VQA_G4(4).ipynb,ling3_vl_int4_submission (1).csv,일반 vLLM 설치로 재현되지 않습니다. 노트북 Step 0의 Ling fork/CUDA 빌드와 런타임 재시작을 따르세요.
종서,Qwen3-VL-4B-Instruct,Qwen3-VL-4B-Instruct,0.94399,Qwen/Qwen3-VL-4B-Instruct,qwen3vl_4b_TRAINING.ipynb,Qwen3-VL-4B-Instruct_submission.csv,노트북에는 smoke/full 및 LoRA/full 경로가 함께 있으므로 대표 제출의 설정은 해당 run 설정과 대조합니다.
종서,Qwen3-VL-8B-Instruct,Qwen3-VL-8B-Instruct,0.95174,Qwen/Qwen3-VL-8B-Instruct,qwen3vl_8b_TRAINING.ipynb,Qwen3-VL-8B-Instruct_submission.csv,기존 안내문에는 서로 다른 평가 범위의 validation 수치가 함께 있었습니다. public 점수와 validation 점수를 분리합니다.
종서,Gemma-4-26B-A4B-it,google/gemma-4-26B-A4B-it,0.96216,google/gemma-4-26B-A4B-it,gemma4_26b_a4b_TRAINING.ipynb,Gemma-4-26B-A4B-it_submission.csv,사용자 제공 public 점수와 기존 run validation 수치는 별도 지표로 기록합니다.
종서,Gemma-4-31B-it,google/gemma-4-31B-A4B-it,0.96544,google/gemma-4-31B-it,gemma4_31b_TRAINING.ipynb,Gemma-4-31B-it_submission.csv,사용자 표기의 31B-A4B와 실제 노트북 모델 ID gemma-4-31B-it가 다릅니다. 실행 ID를 노트북 기준으로 분리 표기합니다.
종서,Qwen2.5-VL-7B-Instruct,Qwen2.5-VL-7B-Instruct,0.89603,Qwen/Qwen2.5-VL-7B-Instruct,(260325)_baseline_desktop5060ti.ipynb,미확인,이 노트북은 여러 모델과 앙상블 셀이 섞인 이전 실험본입니다. 0.89603을 만든 정확한 제출 CSV와 run은 현재 자료에서 미확인입니다.
